name,price,status,shipping,free_returns,items_sold
RFID Mens Slim Front Pocket Wallet Genuine Leather Bifold ID/Credit Card Holder,1199,Brand New,0,True,
Men RFID Blocking Minimalist Slim Carbon Fiber Wallets Money Clip Card Holder ,999,Brand New,0,True,
Stingray Skin Leather Bifold Men Wallet Credit Card Fairy-Leather Brown Genuine,3135,Brand New,0,True,
Men RFID Blocking Slim Money Clip Wallet Credit Card ID Holder Thin Minimalist,795,Brand New,0,True,639
Fashion Men's Bifold Leather Wallet ID Credit Card Holder Billfold Purse Clutch,799,Brand New,0,True,10000
"M7 Men Men's RFID Blocking T1, T3 Leather Wallet Credit Card ID Waterproof ",999,Brand New,0,True,
Leather Wallets For Men Bifold Mens Wallet Slim Minimalist RFID Blocking,699,Brand New,0,True,
Men's Leather Bifold ID Card Holder Purse Wallet Billfold Handbag Slim Clutch ,999,Brand New,0,True,
Mens RFID Blocking Leather Slim Wallet Money Clip Credit Card Slots Coin Holder,849,Brand New,0,True,
Leather Bifold Slim Men's Wallet Carbon Fiber RFID Blocking Case with Money Clip,999,Brand New,0,True,2980
Men Men's S1 Leather Wallet ID Credit Card Holder Clutch Bifold Zipper Coin,995,Brand New,0,True,
Genuine Leather Minimalist Bifold Wallets For Men RFID Blocking Slim Mens Wallet,1399,Brand New,0,True,
Men's Wallet RFID Blocking Slim Money Clip Credit ID Card Holder Thin Minimalist,755,Brand New,0,True,
Mens Womens Wallet Credit Card Holder Leather RFID Blocking Zipper Pocket Purse,685,Brand New,0,True,332
Men RFID Blocking Money Clip Slim Carbon Fiber Credit Card Holder Metal Wallet,885,New (Other),0,True,
Slim Wallet Credit Card Holder Mens RFID Blocking Pocket ID Money PU Leather ,699,Brand New,0,False,
Lock Slim Wallet Secure Men Women RFID Blocking Money Credit Card Holder Wallets,845,Brand New,0,False,
Real Leather Slim Wallets For Men Trifold Mens Wallet W/ ID Window RFID Blocking,1399,Brand New,0,True,
Men's Leather Wallet Bifold ID Card Holder Checkbook Long Clutch Billfold Purse,1098,Brand New,0,True,
RFID Blocking Men's Carbon Fiber Leather Bifold Credit Card ID Holder Wallet US,1099,Brand New,0,True,3967
Men's Bifold Leather Zip Coin Long Wallet Multi Card Holder Purse Clutch Handbag,1169,Brand New,0,True,6361
Mens RFID Blocking Leather Wallet Credit Card ID Holder Zipper Purse Waterproof,1095,Brand New,0,True,
Mens Pop up Wallet RFID Blocking Slim Card Holder Automatic Wallets Leather Case,959,Brand New,0,True,265
Aluminum Metal Wallet Business ID Credit Card Case Holder Anti RFID Scanning USA,298,Brand New,0,True,
Minimalist Slim Wallet for Men with Money Clip RFID Blocking Front Pocket Purse,1269,Brand New,0,True,
RFID Men's Leather Slim Bifold Money Clip Wallet Front Pocket Credit Card Holder,1299,Brand New,0,True,2587
SERMAN BRANDS Money Clip Wallet - Mens Wallets Slim Front Pocket RFID Blocking,2795,Brand New,0,False,
Slim Minimalist RFID Blocking Leather Cardholder Men Wallet with Money Band Clip,1999,Brand New,0,True,
Mens Womens Wallet Leather Credit Card Holder RFID Blocking Zipper Pocket Purse,695,Brand New,0,True,87
Mens RFID Blocking Slim Money Clip Carbon Fiber Wallet ID Credit Card Holder new,899,Brand New,0,True,
Men RFID Blocking Leather Bifold Wallet Credit Card ID Holder Zip Around Purse,1099,Brand New,0,True,
For Men Leather Wallet RFID Blocking Credit Card Holder ID Window Front Pocket,699,Brand New,0,False,
Goyard Card Holder Wallet Blue,7700,Pre-Owned,0,False,21
Men's US 100 Dollar Bill Leather Bifold Card Photo Holder Wallet Handbag Purse,598,Brand New,0,True,
New Mens Bifold Genuine Leather Wallet Multi Credit Card ID License Slim Black,845,Brand New,0,True,6587
RFID Blocking Leather Mens Wallet Carbon Fiber Purse Slim ID Credit Card Holder,999,Brand New,0,False,1443
Men Women RFID Blocking Credit Card Holder Pocket Purse Case Security Wallet US,329,Brand New,0,True,
Men's Bifold Leather Credit ID Card Holder Wallet Billfold Purse Clutch Billfold,799,Brand New,0,True,1027
Men's Leather Bifold Wallet RFID Blocking Genuine Credit ID Card Waterproof,1031,Brand New,0,True,
Men RFID Blocking Slim Money Clip Wallet Credit Card ID Holder Thin Minimalist,859,Brand New,0,True,
Men's US 100 Dollar Bill Leather Bifold Card Photo Holder Wallet Handbag Purse,898,Brand New,0,True,
Mens Men's S4 Retro Leather Vertical Section Credit Card Holder Wallet with Hasp,885,Brand New,0,True,
Men's Aluminum Alloy Slim RFID Blocker Card Holder Credit Card Metal Wallet,1499,Brand New,0,True,
Slim Minimalist Front Pocket RFID Blocking Carbon Fiber Wallets for Mens Wallet,699,Brand New,0,True,1774
M7 Men Men's RFID Blocking T1 Leather Wallet Credit Cards ID Durable Waterproof,999,Brand New,0,True,
M7 RFID Blocking Full Grain Crazy Horse Leather Men's Bifold Center Flap Wallet,1679,Brand New,0,True,
Goyard Card Holder Wallet Green,7200,Pre-Owned,0,False,20
Slim Mens Wallet with Money Clip Leather RFID Blocking Bifold Credit Card Holder,1259,Brand New,0,True,
Men's Genuine Leather Bifold Wallet Slim Hipster  Cowhide Credit Card New RFID,1099,Brand New,0,True,
Stainless Steel Money Clip Silver Metal Pocket Holder Wallet Credit Card Holder,399,New (Other),0,True,
Gucci Fashion Bifold Wallet,10000,Pre-Owned,0,False,
Genuine Leather Men Wallet Credit Card Holder RFID Blocking Zipper Pocket Thin,899,Brand New,0,False,1520
Goyard Card Holder Wallet Black+Brown,7500,Pre-Owned,0,False,22
Men Pop up Leather Wallet Automatic Slim ID Credit Card Holder RFID Blocking US,896,Brand New,0,True,103
Genuine Leather Minimalist Bifold Wallets For Men RFID Blocking Slim Mens Wallet,1099,Brand New,0,True,
Viosi RFID Men's Leather Magnetic Front Pocket Money Clip Wallet,1295,Brand New,0,True,
Mens Leather Money Clip Slim Front Pocket Magnetic ID Credit Card Wallet,1850,Brand New,0,False,
Men's Bifold Leather Wallet With ID Window Credit Card Holder Slim Purse,999,Brand New,0,True,
$Slim Clip Double Sided Money Clip Credit Card Holder Wallet New Stainless Steel,724,Brand New,0,False,10000
Tommy Hilfiger Men's Leather Credit Card Wallet Billfold Black 5675-01,2677,Brand New,0,True,
New Mens Genuine Leather Bifold Wallet ID Credit Card Alligator Window Crocodile,845,Brand New,0,True,1896
Men's Bifold Leather Breast Pocket Card Holder Suit Purse Long Wallet Checkbook,999,Brand New,0,True,3273
New Mens Black Genuine Leather Trifold Wallet ID Window Credit Card Case Holder,849,Brand New,0,True,8692
RFID Blocking Genuine Leather Credit Card Holder Money Cash Clip Wallet Purse,975,Brand New,0,True,1817
 Men RFID Blocking Money Clip Slim Carbon Fiber Credit Card Holder Metal Wallet,992,New (Other),0,True,
Men's Leather Bifold ID Credit Card Holder Wallet Small Purse Billfold Thin,999,Brand New,0,True,1217
Men's Leather Wallet Pocket ID Card Holder Billfold Slim Clutch Bifold Purse US,1089,Brand New,0,False,311
Carbon Fiber Ridge Style Wallet,2995,Brand New,0,False,
LXY & Co. Classic Natural Top Grain Leather RFID Blocking Men’s Trifold Wallet ,594,Brand New,0,True,
Slim Wallets For Men With Money Clip Bifold Wallet RFID Card Holder Mens Wallets,1999,Brand New,0,True,
Slim Wallets For Men Bifold Mens Wallet With Removable Money Clip RFID Blocking,1699,Brand New,0,True,
Credit Card ID Holder Slim Money Travel Wallet Men Stainless Steel RFID Blocking,645,Brand New,0,False,
Men Men's RFID Blocking T1 Leather Wallet Credit Card ID Durable Waterproof ,995,Brand New,0,False,78
Mens RFID Blocking Slim Money Clip Carbon Wallet Credit Card Holder Open Box,994,New (Other),0,True,
Men RFID Blocking Slim Money Clip Wallet Credit Card ID Holder Thin Minimalist,899,Brand New,0,True,
Shop on eBay,2000,Brand New,0,False,
Men RFID Blocking Slim Money Clip Wallet Credit Card ID Holder Thin Minimalist,899,Brand New,0,True,
Mens Slim Leather Wallet Card Holder Front Pocket Wallets Credit ID Pocket Thin,499,Brand New,0,False,
Men RFID Blocking Slim Money Clip Wallet Credit Card ID Holder Thin Minimalist,876,Brand New,0,True,
Mens Womens Wallet Credit Card Holder Leather RFID Blocking Zipper Pocket Purse,688,Brand New,0,False,
Slim Wallets For Men Bifold Mens Wallet With Removable Money Clip RFID Blocking,1699,Brand New,0,True,
Men Men's RFID Blocking T1 Leather Wallet Credit Card ID Durable Waterproof ,995,Brand New,0,False,78
"New 2 Clear Plastic Wallet Inserts Billfolds, Bifold and Trifold",599,Brand New,0,True,
Ridge Style Wallet Carbon Fiber Men’s Wallet With Money Clip,2150,Brand New,0,False,
Mens  L1 Bifold Leather Zip Coin Long Wallet Multi Card Holder Purse Clutch Bag,1079,Brand New,0,True,
Marshal Leather Men Large Eagle Wallet with Chain Biker Trucker Black,1275,Brand New,0,True,
RFID Blocking ID Credit Card Holder 26 Cards Slim PU Leather Pocker Case Wallet,599,Brand New,0,True,125
RFID Blocking Men's Leather Wallet Bifold Multi Card ID Holder,1299,Brand New,0,True,
Mens Slim Leather Wallet Card Holder Front Pocket Wallets Credit ID Pocket Thin,489,Brand New,0,True,
Mens RFID Block Slim Wallet Credit Card ID Holder Minimalist Front Pocket Wallet,699,Brand New,0,False,81
Carbon Fiber Blocking Slim Money Clip RFID Card Holder Metal Men Wallet Gift,899,Brand New,0,True,
Mens RFID Blocking Leather Wallet Credit Card ID Holder Zipper Purse Waterproof,995,Brand New,0,True,
Carbon Fiber Ridge Style Wallet,2995,Brand New,0,False,
Wonder Wallet Amazing Slim RFID Wallet As Seen on TV Black Leather Wonder Wallet,848,Brand New,0,False,
PU Leather Pocket Card Holder Metal Business ID Credit Card Holder Case Wallet,740,New (Other),0,True,616
Mens Wallet Minimalist Leather RFID Blocking Credit Card Holder with Money Clip ,889,Brand New,0,True,
RFID Blocking Women Small Leather Wallet Credit Card Holder Mini Bifold Purse US,999,Brand New,0,True,
Men's US 100 Dollar Bill Leather Bifold Card Photo Holder Wallet Handbag Purse,849,Brand New,0,True,
Alpine Swiss Mens Trifold Wallet RFID Blocking Genuine Leather Bifold ID Window,1799,Brand New,0,False,137
Timberland PRO Men's Cordura Nylon RFID Trifold Wallet with ID Window,1999,Brand New,0,True,
Men Wallet Credit Card Holder Genuine Leather RFID Blocking Zipper Pocket Thin,589,Brand New,0,True,4537
Marshal Genuine Leather Men's Trifold Wallet with Chain Biker Trucker Black,1099,Brand New,0,True,
Metal Aluminum Wallet RFID Blocking Crash Proof Credit Card Holder Case Pocket,888,Brand New,0,True,
Cazoro Mens RFID Blocking Hunter Leather Credit Card ID Trifold Wallet,1599,Brand New,0,True,
M7 Top Grain Leather Wallet for Men RFID Blocking Extra Capacity Bifold Wallet ,2249,Brand New,0,True,
Genuine Leather Wallets For Men Bifold Mens Wallet Slim Minimalist RFID Blocking,1399,Brand New,0,True,
RFID Mens Slim Front Pocket Wallet Genuine Leather Bifold ID/Credit Card Holder,1199,Brand New,0,True,
SERMAN BRANDS- Genuine Leather RFID Blocking Slim Minimalist Front Pocket Wallet,2795,Brand New,0,False,
Men's Wallet RFID Blocking Leather ID Credit Card Holder Slim Money Clip Purse,985,New (Other),0,False,159
Swiss Marshall Men's RFID Blocking Premium Leather Classic Trifold Wallet,1289,Brand New,0,True,
RFID Blocking Leather Credit Card Holder Money Cash Clip Wallet Purse US,884,Brand New,0,False,40
M7 Men Men's RFID Blocking T1 Leather Wallet Credit Card ID Durable Waterproof ,1079,Brand New,0,True,
Mens RFID Blocking Leather Minimalist Small Wallet Credit Card Slots Holder,849,Brand New,0,True,1306
RFID Blocking Genuine Leather Dual Credit Card Case ID Flap Bifold Mens Wallet P,1299,Brand New,0,True,
New Genuine Leather Slim Card Holder Wallets For Men - Minimalist RFID Blocking,1499,Brand New,0,True,
Stainless Steel Money Clip Silver Metal Pocket Holder Wallet Credit Card Holder,397,Brand New,0,True,
Lock Wallet Secure Men Women RFID Blocking Money Credit Card Holder Wallets,845,Brand New,0,False,
Casual Men's Luxury Leather Bifold Wallet ID Credit Card Holder Billfold Purse,423,Brand New,0,False,157
"Marshal Genuine Leather Men EAGLE Trifold Wallet Chain Biker Trucker, Black",1099,Brand New,0,True,
RFID Blocking Genuine Leather Credit Card Case Holder Security Travel Wallet US,999,Brand New,0,True,
Bifold Wallets For Men RFID Blocking with ID Window Card Holder Leather Wallet,989,Brand New,0,True,
Calvin Klein Men's Saffiano Leather Slim Bifold Wallet  Blue,3149,Brand New,0,False,
Mens Genuine Leather Long Bifold Wallet ID Card Purse Checkbook Clutch Billfold,1099,Brand New,0,True,
Men Men's Leather Wallet Chain C1 Sim ID Credit Card Holder Double Zipper Coin,1259,Brand New,0,True,
Genuine Leather Men's Trifold Wallet RFID Blocking Credit Card Holder Retro USA,1899,Brand New,0,True,29
"Mens US ""$100"" Dollar Bill Printed Leather Bifold Wallet Cash Card Holder Purse",699,Brand New,0,True,
Mens/Womens Leather Large Capacity Credit ID Card Holder RFID Blocking Wallet,1259,Brand New,0,True,1471
Tommy Hilfiger Men's Premium Leather Double Billfold Passcase Rfid Wallet Navy,2677,Brand New,0,True,
Leather Wallet Expandable Card Case Front Pocket Thin Slim ID Window Credit Card,499,Brand New,0,False,
Genuine Leather Minimalist Bifold Wallets For Men RFID Blocking Slim Mens Wallet,1298,Brand New,0,True,
Fashion Lock RFID Wallet Slim Credit Cards holder Leather Secure Blocking Wallet,846,Brand New,0,True,
Mens RFID Blocking Leather Wallet Credit Card ID Holder Zipper Purse Waterproof,799,Brand New,0,True,
Genuine Leather Men Cowhide Slim Hipster Credit Card Bifold Wallet,998,Brand New,0,True,
Aluminum RFID Blocking Credit Card Holder for Men & Women Stylish Travel Wallet,699,Brand New,0,False,
Men's_Bifold Leather Credit ID Card Holder Wallet Billfold Purse Clutch Brown！,374,Brand New,0,False,
Men's Retro Leather Vertical Bifold Credit ID Card Holder Wallet Billfold Purse,899,Brand New,0,True,
Genuine Leather Minimalist Bifold Wallets For Men RFID Blocking Slim Mens Wallet,2999,Brand New,0,True,
Black Stainless Steel Money Clip Metal Pocket Holder Wallet Credit Card USA,698,Brand New,0,True,3663
Men Genuine Leather Wallet Credit Card Holder RFID Blocking Zipper Pocket Thin,859,Brand New,0,False,64
SERMAN BRANDS Money Clip Wallet - Mens Wallets Slim Front Pocket RFID Blocking,2795,Brand New,0,False,
TRIFOLD WALLET INSERT - 6 pages,314,New (Other),0,False,1550
M7 Men's RFID Blocking Full Grain Leather ID Window Currency Bifold Wallet BK,1649,Brand New,0,True,
Slim Thin Mens Genuine Leather Bifold ID Wallet Credit Card Holder Black License,799,Brand New,0,True,
"Slim Card Wallet, Front Pocket Wallets, RFID Blocking, Credit Card Holder ",649,New (Other),0,True,
Mens RFID Blocking Leather Credit Card ID Holder Pop Up Slim Card Case Wallet,899,Brand New,0,False,
Mens Leather Wallet Long Credit Card Holder Bifold Purse Clutch Pocket NEW,1198,Brand New,0,True,
Timberland PRO Men's Genuine Leather RFID Bifold Passcase Wallet,2299,Brand New,0,True,
Mens Bifold Genuine Wallet Multi Credit Card ID License Slim Black Brown NEW,374,Brand New,0,False,
Dickies Men's Leather Slimfold Wallet With Chain,1999,Brand New,0,True,
Silver Stainless Steel Money Clip Metal Pocket Holder Wallet Credit Card Holder,221,Brand New,0,False,73
RFID Blocking Mens Leather Slim Wallet Money Credit Card ID Holder 7 Card Slots,849,Brand New,0,True,
Shop on eBay,2000,Brand New,0,False,
Men's Strong Leash Heavy Horn Metal Wallet Chains Biker Trucker Jean Key Chain,1189,Brand New,0,True,599
Genuine Leather Mens Small ID Credit Card Wallet Holder Slim Case Pocket,644,Brand New,0,False,578
Men's Leather Bifold Wallet RFID Blocking Genuine Credit ID Card Waterproof,1031,Brand New,0,True,
Mens Genuine Leather Bifold Wallet Slim Hipster Black Cowhide Credit Card New,999,Brand New,0,True,
Mens Leather Money Clip Slim Front Pocket Wallet Magnetic ID Credit Card Holder,999,Brand New,0,True,
Men's Leather Wallet Brown Cowboy Bifold Card Holder Front Pocket Purse,799,Brand New,0,True,
Mens Men's S4 Retro Leather Vertical Section Credit Card Holder Wallet with Hasp,790,Brand New,0,True,98
Mens Genuine Leather Bifold Wallet Credit/ID Card Holder Slim Coin Purse Brown,789,Brand New,0,True,
 CONCEALED CARRY WEAPONS PERMIT Regular Sz Metal Insignia  - Gold Color  Display,2095,New (Other),0,False,
"Leatherboss Genuine Leather Mens RFID Blocking Credit Card Holder Wallet, Tan",999,Brand New,0,False,94
Men's Aluminum Alloy Slim RFID Blocker Card Holder Credit Card Metal Wallet NEW,849,New (Other),0,False,18
Men S8 RFID Blocking Minimalist Slim Carbon Fiber Wallet Money Clip Card Holder ,825,Brand New,0,True,
Carhartt Wallet Men's Nylon Duck Bifold Wallet w/ RFID Blocking,2999,Brand New,0,True,
Buffway Slim mini ID holder card case front pocket Leather Wallet for Men Women,799,Brand New,0,True,
Womens RFID Blocking Leather Accordion Wallet Credit Card Holder Zipper Purse US,689,Brand New,0,True,
Slim Thin Leather Credit Card ID Mini Wallet Holder Bifold Driver's License Safe,799,Brand New,0,True,
Women Lady Soft Leather Wallet Long Clutch Card Holder Purse Handbag Gift ,1149,Brand New,0,False,
Extra Thick Aluminum Aluma Hard Case Credit Cards Wallet,659,Brand New,0,False,
Wonder Wallet Amazing Slim Thin Wonder RFID Wallets As Seen on TV -Black Leather,849,Brand New,0,True,
Slim Mens Pop up Wallet RFID Blocking Card Holder Automatic Wallets Leather Case,999,Brand New,0,True,
Metal Aluminum Wallet RFID Blocking Crash Proof Credit Card Holder Case Pocket,926,Brand New,0,False,
Alpine Swiss Mens Slimfold Wallet RFID Blocking Genuine Leather Thin Bifold FPW,1499,Brand New,0,False,
New Mens Trifold Grain Leather Wallet Billfold Credit Card Window ID Holder Case,845,Brand New,0,True,1622
US Men's Leather Wallet Pocket ID Card Holder Billfold Slim Clutch Bifold Purse ,612,Brand New,0,True,
RFID Blocking Card Sleeve - Secure Credit/Debit Card Holder ID Anti Wallet Theft,249,Brand New,0,True,90
Brown Embroidered Bad Mother Fu**er Leather Wallet As Seen in Pulp Fiction,2600,,0,False,
Fossy Durable Waterproof Multi-function Leather RFID Blocking Wallet,401,Brand New,0,False,34
Men's Leather Bifold Credit Card Holder Wallet Checkbook Zip Coin Purse Clutch,1079,Brand New,0,True,
RFID Mens Slim Front Pocket Wallet Genuine Leather Bifold ID/Credit Card Holder,1199,Brand New,0,True,
Womens Accordion Wallet Credit Card Holder Leather RFID Blocking Pocket Purse US,695,Brand New,0,True,
US FAST Mens Luxury Long Genuine Leather Pocket Purse Card Holder Bifold Wallet,789,Brand New,0,True,221
Men's Genuine Leather Bifold Wallet Slim Hipster Cowhide Credit Card New,1099,Brand New,0,True,
Men's Genuine Leather Bifold Wallet Slim Hipster Cowhide Credit Card and ID New,999,Brand New,0,True,
Men Womens Leather Credit Card Holder RFID-Blocking Pocket Wallet with ID Window,955,Brand New,0,True,
Timberland Men's Premium Genuine Leather Commuter Bifold Wallet,1999,Brand New,0,True,
Mens Leather Wallet Bill Money Billfold US 100 Dollar Safe Purse Bifold US FAST,779,Brand New,0,True,1975
Calvin Klein Men's RFID Blocking Leather Bifold Wallet Black Traveler,3499,Brand New,0,True,
Men Leather Foldable Wallet Pocket ID Card Holder Clutch Center Bifold Purse、,374,Brand New,0,False,
"Marshal Genuine Cowhide Leather Badge RFID Wallet for Firefighters, Police etc.",1499,Brand New,0,True,
Stainless Pocket Business Card Holder Case ID Credit Name Box Steel Wallet,445,Brand New,0,False,
New Genuine Premium Leather Expandable Credit/Business Card Holder ID Wallet,799,Brand New,0,True,
New Mens Genuine Leather Bifold Wallet ID Credit Card Alligator Window Crocodile,845,Brand New,0,True,921
M7 Men's S6 Wallet Genuine Leather Credit Card Holder RFID Zipper Thin Pocket ,699,Brand New,0,True,
Tommy Hilfiger Men's Leather Bifold Wallet with Removal Card Holder,2499,Brand New,0,True,142
Mens Trifold Genuine Leather RFID Blocking Wallet Black New,999,Brand New,0,True,
Mens Long Wallet Leather Zipper Large Phone Holder Bag Business Clutch Handbag,1989,Brand New,0,False,
Mens RFID Automatic Pop-up Compartment Wallet Slim Credit Card ID Holder Clip,989,Brand New,0,True,
Solid Metal Business Card Holder Storage Package Case ID Credit  Wallet Pocket,189,Brand New,0,False,
Michael Kors MK Jet Set Travel Double Zip Phone Wristlet Wallet ,6994,Brand New,0,True,
Men's Lucky Trails Dalton Front Pocket Leather Money Clip Wallet,599,Brand New,0,False,
Rigid Slim Carbon Wallet for Men and Women Metal Money Clip Blocking Card Holder,1450,New (Other),0,True,62
Slim Unisex Leather Wallet Card Holder Front Pocket Wallet Credit ID Pocket Thin,356,Brand New,0,False,17
100% Genuine Leather Bifold Mens Wallet Middle ID Window Black RFID Blocking USA,907,Brand New,0,True,
Slim Front Pocket Wallet Genuine Leather Business Card Case ID Window FPW Holder,799,Brand New,0,True,
Men's RFID genuine leather Trifold Chain Wallet with Id Window & Credit Card ,1299,New (Other),0,False,
RFID Blocking Slim Men Minimalist Wallet Credit Card Holder Small Wallet Purse,299,Brand New,0,True,104
Genuine Leather Men Wallet Credit Card Holder RFID Blocking Zipper Pocket Thin,950,Brand New,0,True,
Camo Wallet-Genuine Leather Trifold Includes Gift Box!!,600,Brand New,0,False,
"Leatherboss Genuine Leather Men RFID Blocking Credit Card Trifold Wallet, Black",1049,Brand New,0,False,
Stainless Steel Money Clip Silver Metal Pocket Holder Wallet Credit Card Holder,439,New (Other),0,False,
 Men RFID Blocking Money Clip Slim Carbon Fiber Credit Card Holder Metal Wallet,799,Brand New,0,True,
M7 Men RFID Blocking Minimalist Slim Walnut Wood Wallet Money Clip Card Holder ,825,Brand New,0,True,
Mens Card Holder Wallet RFID Blocking Minimalist Carbon Fiber Money Clip,788,Brand New,0,False,29
Black Genuine Leather Expandable 18+ Credit Card ID Business Card Holder Wallet,799,Brand New,0,True,
Alpine Swiss Mens RFID Protected Leather Wallet Center Flip Commuter Bifold 2 ID,1499,Brand New,0,False,
Genuine Leather Expandable Credit Card ID Business Card Holder Wallet new black,899,Brand New,0,True,
COACH Compact ID Wallet in Signature Crossgrain Leather 8cc / Removable ID $188,5995,Brand New,0,True,
New Genuine Leather Bifold Mens Wallet With Flip-Up ID Window RFID Blocking,999,Brand New,0,True,
"MENS Slim Bifold Wallet, Genuine Leather, Front Pocket Multi Card Holder, Black",1249,Brand New,0,True,261
Mens Leather Slim Bifold Credit ID Card Holder Slim Wallet Billfold Purse Clutch,599,Brand New,0,True,
 M7 Men Men's T4 Trifold Leather Wallet Retro Multifunctional Zipper Buckle,989,Brand New,0,True,
Genuine Leather Credit card holder accordian Wallet Black New by Marshal,990,Brand New,0,True,
Credit Card ID Holder Slim Money Travel Wallet Men Stainless Steel RFID Blocking,645,Brand New,0,False,332
Leather Bifold ID Card Holder Front Pocket Money Clip Men's Wallet Black MC-99,979,Brand New,0,True,
Leather Men Wallet Anti-thief RFID Blocking Bifold Wallet Credit Card Holder ,1804,Brand New,0,True,
Shop on eBay,2000,Brand New,0,False,
Men's Aluminum Alloy Slim RFID Blocker Card Holder Credit Card Metal Wallet,899,New (Other),0,False,
Leather Men Wallet Anti-thief RFID Blocking Bifold Wallet Credit Card Holder ,1804,Brand New,0,True,
Men's Pop up Wallet RFID Blocking Card Holder Automatic Wallets Leather Case Bag,998,Brand New,0,True,
Womens Cell Phone Purse Wallet Handbag Case Shoulder Bag Cross Body Pouch Large,995,Brand New,0,True,316
RFID Blocking Leather Credit Card Holder Money Cash Clip Mens Wallet Purse,899,Brand New,0,False,16
Credit Card ID Holder Slim Money Travel Wallet Men Stainless Steel RFID Blocking,645,Brand New,0,False,332
New Hugo Boss Men's Asolo Black Leather Bifold Wallet Card & Coin Great Gift,4000,Brand New,0,False,
Men's RFID Blocking Leather Full Grain ID Window Multi-Currency Bifold Wallet,599,Brand New,0,False,115
Broke AF money clip ,1000,New (Other),0,False,
S.T. DUPONT - Blue 6CC Billfold Wallet - 170601,5499,Brand New,0,True,
Affliction Men's Embossed Distressed Leather Bifold Wallet Brown,2999,Brand New,0,True,237
Men's Bifold Wallet Money ID Credit Card Holders Men Purse RFID Blocking,785,Brand New,0,False,12
RUBBER SQUEEZE OVAL COIN PURSE MENS WOMENS MONEY HOLDER WALLET - Made in USA,595,Brand New,0,True,
New Genuine  Leather Magnetic Slim Pocket Money Clip Holder USA Seller,595,Brand New,0,False,
Men's Leather Wallet Pocket ID Card Holder Billfold Slim Clutch Bifold Purse,890,Brand New,0,True,
Black Credit Card Window ID Genuine Leather Holder Wallet Clear Sleeves Men's ,999,Brand New,0,True,
Leather Credit Card & ID Holder Slim Design Black Men's Wallet MARSHAL!!!,799,Brand New,0,True,
Leather Trifold 8 Credit Card ID Window Wallet Black Men's Wallet,849,Brand New,0,True,
New Genuine Leather Slim Card Holder Wallets For Men - Minimalist RFID Blocking,395,Brand New,0,False,
Men's Hipster Bifold Genuine Leather Multi-Card ID Holder European Wallet New,1099,Brand New,0,True,
Mens Hipster Leather Bifold Credit Card Inserts ID Window European Wallet,1500,Brand New,0,True,537
"Mens US ""$100"" Dollar Bill Printed Leather Bifold Wallet Cash Card Holder Purse",799,Brand New,0,True,
Bottega Veneta Men's Bifold Wallet,10000,New (Other),0,False,
Mens Men's S4 Retro Leather Vertical Section Credit Card Holder Wallet with Hasp,899,Brand New,0,True,213
Men's Leather Bifold ID Card Holder Purse Wallet Billfold Handbag Slim Clutch,799,New (Other),0,False,
Men's Genuine Leather Bifold Wallet Hipster Credit Card ID Holder RFID Blocking,1595,Brand New,0,True,
Men's Leather Bifold Wallet Coin Purse ID Credit Card Holder Short Money Pocket,689,Brand New,0,True,
Thin Unisex Slim Leather Wallet Card Holder Front Pocket Wallet Credit ID Pocket,359,Brand New,0,False,39
Men PU Leather Wallet Credit Card ID Holder Retro Simple Coin Purse Ticket Clip,379,Brand New,0,False,26
Brown Men's Bifold Soft Leather Double ID Flap Card Holder Wallet W/ Coin Pocket,899,Brand New,0,True,
Men Wallet Genuine Leather ID Credit Card Holder RFID Blocking Zipper Purse US,1395,Brand New,0,False,
Leatherboss Genuine Leather Men Long Wallet Pockets ID Card Clutch Bifold Purse,1198,Brand New,0,False,272
Walifresh For Men - Freshen Your Wallet,199,Brand New,0,False,
Mens RFID Blocking Slim Money Clip Carbon Fiber Wallet ID Credit Card Holder,799,Brand New,0,False,
Slim Wallets For Men With Money Clip Bifold Wallet RFID Card Holder Mens Wallets,1099,Brand New,0,True,
Men Men's S1 Leather Wallet ID Credit Card Holder Clutch Bifold Zipper Coin,959,Brand New,0,True,
Mens Slim Black Genuine Leather Thin Credit Card ID Holder Zipper Mini Wallet ,799,Brand New,0,True,
"Leatherboss Genuine Leather Men Slim Credit Card Holder Bifold Wallet, Black",999,Brand New,0,False,
NEW GENUINE LEATHER BIFOLD Men's Wallet BROWN Leather ,1900,New (Other),0,False,
Marshal Mens RFID Blocking Deluxe Credit Card Case Wallet Leather Secretary,1399,Brand New,0,True,
Winchester Credit Card Holder Front Pocket RFID Wallet Slim Thin Genuine Leather,999,Brand New,0,False,
Genuine Cowhide Leather Mens Zipper Zip-Around Bifold Popular Card Holder Wallet,1096,Brand New,0,True,
20pcs Credit Card Protector Secure Sleeves RFID Blocking ID Holder Case Shield,515,Brand New,0,False,302
 M7 Men Men's T4 Trifold Leather Wallet Retro Multifunctional Zipper Buckle,989,Brand New,0,True,
Men Women Leather Slim Credit Card Holder Wallet ID Window Front Pocket,599,Brand New,0,False,
Mens RFID Blocking Leather Wallet Credit Card ID Holder Zipper Purse Waterproof,795,Brand New,0,True,
Tommy Hilfiger Men's Leather Wallet Passcase Billfold Rfid Red Navy 31TL220053,2677,Brand New,0,True,
Genuine Leather Credit Card Holder RFID Blocking Cash ID Slim Minimalist Wallet,999,Brand New,0,False,
Slim Pop Up Wallet RFID Blocking Card Holder Automatic Leather Card Case for Men,699,Brand New,0,True,
Wonder Wallet Amazing Slim RFID Wallet As Seen on TV Black Leather Wonder Wallet,838,Brand New,0,False,
Genuine Leather Money Clip front pocket wallet with magnet clip and card ID Case,1095,Brand New,0,True,
Mens Credit Card Trifold Nylon Wallet Black w/ Touch Fasteners Closure,729,Brand New,0,True,875
Slim Mens RFID Blocking Leather Wallet Credit Card ID Holder Zipper Purse Pocket,695,Brand New,0,True,
Batman Logo Faux Leather Bi-fold Wallet New,1195,Brand New,0,False,
"Ariat Mens Embossed Leather Rodeo Wallet Checkbook Cover, Black",2999,Brand New,0,True,
Men Women Slim Card Holder Wallet Leather RFID Blocking Credit Card Case US FAST,298,Brand New,0,True,
Men Zipper Wallet Large Capacity Leather Bifold Purse Credit Card Holder(Coffee),1139,Brand New,0,True,
Tommy Hilfiger Men's Premium Leather Credit Card ID Wallet Billfold 31TL22X062,2677,Brand New,0,True,
NWT Coach F66551 Men's ID Billfold Wallet in Signature Canvas & Leather Charcoal,6980,Brand New,0,False,17
Slim Men Leather Bifold Wallet ID Credit Card Money Holder Clip Billfold Handbag,989,Brand New,0,True,
Alpine Swiss Mens RFID Safe Money Clip Wallet Minimalist ID Window Card Case FPW,1699,Brand New,0,False,
New Mens Bifold Genuine Leather Wallet Multi Credit Card ID License Slim B e 804,659,Brand New,0,False,
"Mens High Quality Leather Wallet, Credit Card Holder Bifold Slim Purse",399,New (Other),0,False,58
Genuine Leather Wallet Business Card Holder Expandable CreditCard with ID Window,799,Brand New,0,True,
Front Pocket Minimalist Leather Slim Wallet RFID Blocking Medium,1501,Brand New,0,True,
Travelambo Front Pocket Minimalist Leather Slim Wallet RFID Blocking Medium Size,1282,Brand New,0,True,
RFID Men's Leather Slim Bifold Money Clip Wallet Front Pocket Credit Card Holder,1295,Brand New,0,True,
zipper Wallet By Card Lock Blocking-Ultra-Thin-Seen-On-TV sunroof card package,799,Brand New,0,False,95
Guess Men's Leather Credit Card Id Wallet Passcase Trifold Black 31GU110012,2780,Brand New,0,True,
Men's RFID Brown Genuine Leather Bifold Wallet Slim Hipster Credit Card & ID New,1214,Brand New,0,True,
Amity Slim Magnetic Money Clip Front Pocket Genuine Leather Wallet Black,999,Brand New,0,True,
Men Wallet Rrid Blocking Faux Leather Card Holder Slim Money Clip Purse,782,Brand New,0,False,
Genuine Leather Men Wallet Credit Card Holder RFID Blocking Zipper Pocket Thin,950,Brand New,0,True,
Men's Long Wallet Bifold Leather Zip Coin Multi Card Holder Purse Clutch Handbag,1199,Brand New,0,True,
RFID Security Leather Expandable Credit Card ID Business Holder Wallet,899,Brand New,0,True,
